event_id,transaction_id,file_name,status,event_time
e1,t1,events_2025-10-25.csv,OK,2025-10-25 12:27:00
e2,t2,events_2025-10-25.csv,OK,2025-10-25 13:50:00
e3,t3,events_2025-10-25.csv,OK,2025-10-25 14:45:00
e4,t4,events_2025-10-25.csv,NOK,2025-10-25 18:04:00
e5,t5,events_2025-10-25.csv,OK,2025-10-25 12:32:00
e6,t6,events_2025-10-25.csv,OK,2025-10-25 03:20:00
e7,t7,events_2025-10-25.csv,OK,2025-10-25 05:04:00
e8,t8,events_2025-10-25.csv,OK,2025-10-25 00:15:00
e9,t9,events_2025-10-25.csv,OK,2025-10-25 01:28:00
e10,t10,events_2025-10-25.csv,OK,2025-10-25 04:10:00
